<?xml version="1.0" encoding="UTF-8"?>
<templates>
    <t t-name="BizColorPicker">
        <span t-att-class="'oe_form_field '+widget.widget_class" t-att-style="widget.__node.attrs.style">
            <t t-if="widget.mode == 'edit'">
                <input type="text"
                       t-att-id="widget.id_for_label"
                       t-att-tabindex="widget.__node.attrs.tabindex"
                       t-att-autofocus="widget.__node.attrs.autofocus"
                       t-att-placeholder="widget.__node.attrs.placeholder"
                       t-att-maxlength="widget.field.size"
                       class="color {hash:true}"
                        />
            </t>
            <t t-if="widget.mode == 'readonly'">
                <div/>
                <span class="oe_form_char_content"></span>
            </t>
        </span>
    </t>
</templates>
