<?xml version="1.0" encoding="utf-8"?>
<swiss>
    <record id="report_fonts_helvetica" model="report.fonts">
        <field name="name">Helvetica</field>
        <field name="family">Helvetica</field>
        <field name="path">/dev/null</field>
        <field name="mode">all</field>
    </record>
    <record id="report_fonts_times" model="report.fonts">
        <field name="name">Times</field>
        <field name="family">Times</field>
        <field name="path">/dev/null</field>
        <field name="mode">all</field>
    </record>
    <record id="report_fonts_courier" model="report.fonts">
        <field name="name">Courier</field>
        <field name="family">Courier</field>
        <field name="path">/dev/null</field>
        <field name="mode">all</field>
    </record>
    <record id="base.main_company" model="res.company">
        <field name="font_id" ref="report_fonts_helvetica"/>
    </record>
    <!-- <record id="stock.res_company_1" model="res.company">
        <field name="font" ref="report_fonts_helvetica"/>
    </record> -->
</swiss>